insert into users (id, username, name, phone_number, password, country_code, city_code) values (1, '879a5a58b9747eb4960ad36fbb409cfba77c4487be187d08c4f07b1938c462a0', 'Александр', '8521601', '$2a$12$GBeH6vJoLTudocJPEbWG7.U3hve2lJkuHcuyZ8sPk/8OJsPHwR7mO', 7, 952) ON CONFLICT DO NOTHING;
insert into users (id, username, name, phone_number, password, country_code, city_code) values (2, '94633d7186b24748fb03b6d9ebf673b5a3b0ffb406620cc5d0e53148e4a05479', 'Вита', '8521602', '$2a$12$GBeH6vJoLTudocJPEbWG7.U3hve2lJkuHcuyZ8sPk/8OJsPHwR7mO', 7, 952) ON CONFLICT DO NOTHING;
insert into users (id, username, name, phone_number, password, country_code, city_code) values (3, 'd349da19370cfd4c0bcc5b23363169c1a0fa581429c7ab7b1b384dc41c55b0d2', 'Алексей', '8521603', '$2a$12$GBeH6vJoLTudocJPEbWG7.U3hve2lJkuHcuyZ8sPk/8OJsPHwR7mO', 7, 952) ON CONFLICT DO NOTHING;
insert into users (id, username, name, phone_number, password, country_code, city_code) values (4, '19729bd253e23e018754ada5b207b343f8fc0b0ba7dbd4a366cc03a728582aaa', 'Анна', '8521604', '$2a$12$GBeH6vJoLTudocJPEbWG7.U3hve2lJkuHcuyZ8sPk/8OJsPHwR7mO', 7, 952) ON CONFLICT DO NOTHING;
insert into users (id, username, name, phone_number, password, country_code, city_code) values (6, '013d8b53a04433d0b44ff4db0d583048b57b1222d705f3b8ab637e0ba362b3ab', 'Андрей', '8521606', '$2a$12$GBeH6vJoLTudocJPEbWG7.U3hve2lJkuHcuyZ8sPk/8OJsPHwR7mO', 7, 952) ON CONFLICT DO NOTHING;
insert into users (id, username, name, phone_number, password, country_code, city_code) values (5, '8f209d6845b67c8aacff1743b9d764b261e2adc5bb00cd8e5657df2958a6cd28', 'Мария', '8521605', '$2a$12$GBeH6vJoLTudocJPEbWG7.U3hve2lJkuHcuyZ8sPk/8OJsPHwR7mO', 7, 952) ON CONFLICT DO NOTHING;
insert into users (id, username, name, phone_number, password, country_code, city_code) values (7, 'f21848ff38d08368357d1bbcfcf0f35e558f521e486fb04b36d19857de337c9c', 'Шура', '8521607', '$2a$12$GBeH6vJoLTudocJPEbWG7.U3hve2lJkuHcuyZ8sPk/8OJsPHwR7mO', 7, 952) ON CONFLICT DO NOTHING;

insert into user_roles (user_id, roles) values (1, 'ROLE_USER') ON CONFLICT DO NOTHING;
insert into user_roles (user_id, roles) values (2, 'ROLE_OPERATOR') ON CONFLICT DO NOTHING;
insert into user_roles (user_id, roles) values (3, 'ROLE_ADMIN') ON CONFLICT DO NOTHING;
insert into user_roles (user_id, roles) values (4, 'ROLE_USER') ON CONFLICT DO NOTHING;
insert into user_roles (user_id, roles) values (4, 'ROLE_OPERATOR') ON CONFLICT DO NOTHING;
insert into user_roles (user_id, roles) values (5, 'ROLE_USER') ON CONFLICT DO NOTHING;
insert into user_roles (user_id, roles) values (5, 'ROLE_ADMIN') ON CONFLICT DO NOTHING;
insert into user_roles (user_id, roles) values (6, 'ROLE_OPERATOR') ON CONFLICT DO NOTHING;
insert into user_roles (user_id, roles) values (6, 'ROLE_ADMIN') ON CONFLICT DO NOTHING;
insert into user_roles (user_id, roles) values (7, 'ROLE_USER') ON CONFLICT DO NOTHING;

insert into public.application (id, created_on, updated_on, user_id, status, text) values (1, '2023-11-27 16:19:53.000000', '2023-11-27 16:19:53.000000', 5, 'REJECTED', 'Quisque id justo sit amet sapien dignissim vestibulum. Vestibulum ante ipsum primis in faucibus orci luctus et ultrices posuere cubilia Curae; Nulla dapibus dolor vel est.') ON CONFLICT DO NOTHING;
insert into public.application (id, created_on, updated_on, user_id, status, text) values (2, '2023-11-24 13:20:28.000000', '2023-11-24 13:20:28.000000', 5, 'REJECTED', 'Nullam orci pede, venenatis non, sodales sed, tincidunt eu, felis. Fusce posuere felis sed lacus.') ON CONFLICT DO NOTHING;
insert into public.application (id, created_on, updated_on, user_id, status, text) values (3, '2023-11-16 10:12:09.000000', '2023-11-16 10:12:09.000000', 7, 'ACCEPTED', 'Phasellus id sapien in sapien iaculis congue. Vivamus metus arcu, adipiscing molestie, hendrerit at, vulputate vitae, nisl.') ON CONFLICT DO NOTHING;
insert into public.application (id, created_on, updated_on, user_id, status, text) values (4, '2024-01-31 04:19:46.000000', '2024-01-31 04:19:46.000000', 1, 'DRAFT', 'Nulla ac enim.') ON CONFLICT DO NOTHING;
insert into public.application (id, created_on, updated_on, user_id, status, text) values (5, '2023-04-25 23:52:52.000000', '2023-04-25 23:52:52.000000', 7, 'ACCEPTED', 'Morbi non quam nec dui luctus rutrum.') ON CONFLICT DO NOTHING;
insert into public.application (id, created_on, updated_on, user_id, status, text) values (6, '2024-01-27 10:43:44.000000', '2024-01-27 10:43:44.000000', 4, 'SENT', 'Morbi vestibulum, velit id pretium iaculis, diam erat fermentum justo, nec condimentum neque sapien placerat ante.') ON CONFLICT DO NOTHING;
insert into public.application (id, created_on, updated_on, user_id, status, text) values (7, '2023-06-09 18:58:19.000000', '2023-06-09 18:58:19.000000', 7, 'SENT', 'Quisque erat eros, viverra eget, congue eget, semper rutrum, nulla.') ON CONFLICT DO NOTHING;
insert into public.application (id, created_on, updated_on, user_id, status, text) values (8, '2023-01-27 05:52:51.000000', '2023-01-27 05:52:51.000000', 1, 'DRAFT', 'Fusce lacus purus, aliquet at, feugiat non, pretium quis, lectus.') ON CONFLICT DO NOTHING;
insert into public.application (id, created_on, updated_on, user_id, status, text) values (9, '2023-08-06 16:05:00.000000', '2023-08-06 16:05:00.000000', 4, 'SENT', 'Vestibulum ante ipsum primis in faucibus orci luctus et ultrices posuere cubilia Curae; Donec pharetra, magna vestibulum aliquet ultrices, erat tortor sollicitudin mi, sit amet lobortis sapien sapien non mi. Integer ac neque.') ON CONFLICT DO NOTHING;
insert into public.application (id, created_on, updated_on, user_id, status, text) values (10, '2023-12-03 20:29:39.000000', '2023-12-03 20:29:39.000000', 1, 'ACCEPTED', 'Mauris lacinia sapien quis libero. Nullam sit amet turpis elementum ligula vehicula consequat.') ON CONFLICT DO NOTHING;
insert into public.application (id, created_on, updated_on, user_id, status, text) values (11, '2023-04-19 08:56:10.000000', '2023-04-19 08:56:10.000000', 4, 'SENT', 'Nam ultrices, libero non mattis pulvinar, nulla pede ullamcorper augue, a suscipit nulla elit ac nulla.') ON CONFLICT DO NOTHING;
insert into public.application (id, created_on, updated_on, user_id, status, text) values (12, '2023-09-21 10:51:27.000000', '2023-09-21 10:51:27.000000', 4, 'SENT', 'Nam congue, risus semper porta volutpat, quam pede lobortis ligula, sit amet eleifend pede libero quis orci.') ON CONFLICT DO NOTHING;
insert into public.application (id, created_on, updated_on, user_id, status, text) values (13, '2023-08-20 04:23:34.000000', '2023-08-20 04:23:34.000000', 5, 'DRAFT', 'Nam congue, risus semper porta volutpat, quam pede lobortis ligula, sit amet eleifend pede libero quis orci.') ON CONFLICT DO NOTHING;
insert into public.application (id, created_on, updated_on, user_id, status, text) values (14, '2023-04-14 12:03:38.000000', '2023-04-14 12:03:38.000000', 4, 'REJECTED', 'Fusce lacus purus, aliquet at, feugiat non, pretium quis, lectus.') ON CONFLICT DO NOTHING;
insert into public.application (id, created_on, updated_on, user_id, status, text) values (15, '2023-05-31 14:28:29.000000', '2023-05-31 14:28:29.000000', 5, 'SENT', 'Integer pede justo, lacinia eget, tincidunt eget, tempus vel, pede.') ON CONFLICT DO NOTHING;
insert into public.application (id, created_on, updated_on, user_id, status, text) values (16, '2023-04-10 19:24:06.000000', '2023-04-10 19:24:06.000000', 5, 'DRAFT', 'Nulla ac enim.') ON CONFLICT DO NOTHING;
insert into public.application (id, created_on, updated_on, user_id, status, text) values (17, '2023-08-05 15:36:52.000000', '2023-08-05 15:36:52.000000', 5, 'SENT', 'Maecenas rhoncus aliquam lacus. Morbi quis tortor id nulla ultrices aliquet.') ON CONFLICT DO NOTHING;
insert into public.application (id, created_on, updated_on, user_id, status, text) values (18, '2023-07-29 22:17:39.000000', '2023-07-29 22:17:39.000000', 1, 'DRAFT', 'Donec ut dolor. Morbi vel lectus in quam fringilla rhoncus.') ON CONFLICT DO NOTHING;
insert into public.application (id, created_on, updated_on, user_id, status, text) values (19, '2023-01-06 06:48:55.000000', '2023-01-06 06:48:55.000000', 1, 'SENT', 'Integer non velit. Donec diam neque, vestibulum eget, vulputate ut, ultrices vel, augue.') ON CONFLICT DO NOTHING;
insert into public.application (id, created_on, updated_on, user_id, status, text) values (20, '2023-02-18 20:20:27.000000', '2023-02-18 20:20:27.000000', 1, 'DRAFT', 'Praesent blandit. Nam nulla.') ON CONFLICT DO NOTHING;
insert into public.application (id, created_on, updated_on, user_id, status, text) values (21, '2024-01-17 21:46:14.000000', '2024-01-17 21:46:14.000000', 5, 'SENT', 'Nullam orci pede, venenatis non, sodales sed, tincidunt eu, felis. Fusce posuere felis sed lacus.') ON CONFLICT DO NOTHING;
insert into public.application (id, created_on, updated_on, user_id, status, text) values (22, '2023-08-14 07:32:55.000000', '2023-08-14 07:32:55.000000', 5, 'REJECTED', 'Curabitur convallis.') ON CONFLICT DO NOTHING;
insert into public.application (id, created_on, updated_on, user_id, status, text) values (23, '2023-06-28 05:40:49.000000', '2023-06-28 05:40:49.000000', 7, 'REJECTED', 'Duis aliquam convallis nunc.') ON CONFLICT DO NOTHING;
insert into public.application (id, created_on, updated_on, user_id, status, text) values (24, '2023-04-27 05:41:33.000000', '2023-04-27 05:41:33.000000', 4, 'ACCEPTED', 'Nam dui.') ON CONFLICT DO NOTHING;
insert into public.application (id, created_on, updated_on, user_id, status, text) values (25, '2023-09-21 15:16:33.000000', '2023-09-21 15:16:33.000000', 4, 'ACCEPTED', 'Curabitur gravida nisi at nibh. In hac habitasse platea dictumst.') ON CONFLICT DO NOTHING;
insert into public.application (id, created_on, updated_on, user_id, status, text) values (26, '2023-06-19 08:17:27.000000', '2023-06-19 08:17:27.000000', 1, 'SENT', 'Aenean sit amet justo.') ON CONFLICT DO NOTHING;
insert into public.application (id, created_on, updated_on, user_id, status, text) values (27, '2023-05-03 12:24:24.000000', '2023-05-03 12:24:24.000000', 5, 'ACCEPTED', 'Vestibulum ante ipsum primis in faucibus orci luctus et ultrices posuere cubilia Curae; Duis faucibus accumsan odio. Curabitur convallis.') ON CONFLICT DO NOTHING;
insert into public.application (id, created_on, updated_on, user_id, status, text) values (28, '2023-07-08 05:16:27.000000', '2023-07-08 05:16:27.000000', 7, 'ACCEPTED', 'Sed sagittis.') ON CONFLICT DO NOTHING;
insert into public.application (id, created_on, updated_on, user_id, status, text) values (29, '2023-04-24 04:22:29.000000', '2023-04-24 04:22:29.000000', 7, 'SENT', 'Nullam varius.') ON CONFLICT DO NOTHING;
insert into public.application (id, created_on, updated_on, user_id, status, text) values (30, '2023-06-17 22:13:42.000000', '2023-06-17 22:13:42.000000', 7, 'SENT', 'Quisque ut erat.') ON CONFLICT DO NOTHING;
insert into public.application (id, created_on, updated_on, user_id, status, text) values (31, '2024-01-17 04:23:24.000000', '2024-01-17 04:23:24.000000', 5, 'REJECTED', 'Duis consequat dui nec nisi volutpat eleifend. Donec ut dolor.') ON CONFLICT DO NOTHING;
insert into public.application (id, created_on, updated_on, user_id, status, text) values (32, '2023-03-14 09:01:26.000000', '2023-03-14 09:01:26.000000', 7, 'REJECTED', 'Donec diam neque, vestibulum eget, vulputate ut, ultrices vel, augue.') ON CONFLICT DO NOTHING;
insert into public.application (id, created_on, updated_on, user_id, status, text) values (33, '2023-03-22 11:25:06.000000', '2023-03-22 11:25:06.000000', 4, 'ACCEPTED', 'In blandit ultrices enim.') ON CONFLICT DO NOTHING;
insert into public.application (id, created_on, updated_on, user_id, status, text) values (34, '2023-11-07 21:07:18.000000', '2023-11-07 21:07:18.000000', 7, 'SENT', 'Mauris ullamcorper purus sit amet nulla. Quisque arcu libero, rutrum ac, lobortis vel, dapibus at, diam.') ON CONFLICT DO NOTHING;
insert into public.application (id, created_on, updated_on, user_id, status, text) values (35, '2023-04-05 12:37:59.000000', '2023-04-05 12:37:59.000000', 4, 'ACCEPTED', 'In hac habitasse platea dictumst.') ON CONFLICT DO NOTHING;
insert into public.application (id, created_on, updated_on, user_id, status, text) values (36, '2023-03-20 13:16:54.000000', '2023-03-20 13:16:54.000000', 7, 'DRAFT', 'Duis bibendum.') ON CONFLICT DO NOTHING;
insert into public.application (id, created_on, updated_on, user_id, status, text) values (37, '2023-01-16 20:59:47.000000', '2023-01-16 20:59:47.000000', 7, 'DRAFT', 'Duis bibendum, felis sed interdum venenatis, turpis enim blandit mi, in porttitor pede justo eu massa. Donec dapibus.') ON CONFLICT DO NOTHING;
insert into public.application (id, created_on, updated_on, user_id, status, text) values (38, '2023-04-08 23:33:18.000000', '2023-04-08 23:33:18.000000', 1, 'SENT', 'Etiam vel augue.') ON CONFLICT DO NOTHING;
insert into public.application (id, created_on, updated_on, user_id, status, text) values (39, '2023-09-05 05:57:17.000000', '2023-09-05 05:57:17.000000', 5, 'DRAFT', 'In hac habitasse platea dictumst. Maecenas ut massa quis augue luctus tincidunt.') ON CONFLICT DO NOTHING;
insert into public.application (id, created_on, updated_on, user_id, status, text) values (40, '2023-10-15 11:25:54.000000', '2023-10-15 11:25:54.000000', 1, 'REJECTED', 'In hac habitasse platea dictumst. Morbi vestibulum, velit id pretium iaculis, diam erat fermentum justo, nec condimentum neque sapien placerat ante.') ON CONFLICT DO NOTHING;
insert into public.application (id, created_on, updated_on, user_id, status, text) values (41, '2023-02-27 02:16:38.000000', '2023-02-27 02:16:38.000000', 4, 'ACCEPTED', 'Donec vitae nisi. Nam ultrices, libero non mattis pulvinar, nulla pede ullamcorper augue, a suscipit nulla elit ac nulla.') ON CONFLICT DO NOTHING;
insert into public.application (id, created_on, updated_on, user_id, status, text) values (42, '2024-01-23 13:01:48.000000', '2024-01-23 13:01:48.000000', 5, 'REJECTED', 'Vestibulum ante ipsum primis in faucibus orci luctus et ultrices posuere cubilia Curae; Mauris viverra diam vitae quam. Suspendisse potenti.') ON CONFLICT DO NOTHING;
insert into public.application (id, created_on, updated_on, user_id, status, text) values (43, '2023-05-23 00:19:05.000000', '2023-05-23 00:19:05.000000', 4, 'SENT', 'In hac habitasse platea dictumst. Etiam faucibus cursus urna.') ON CONFLICT DO NOTHING;
insert into public.application (id, created_on, updated_on, user_id, status, text) values (44, '2023-03-10 03:34:35.000000', '2023-03-10 03:34:35.000000', 5, 'REJECTED', 'Sed vel enim sit amet nunc viverra dapibus. Nulla suscipit ligula in lacus.') ON CONFLICT DO NOTHING;
insert into public.application (id, created_on, updated_on, user_id, status, text) values (45, '2023-11-11 04:32:09.000000', '2023-11-11 04:32:09.000000', 4, 'SENT', 'Sed vel enim sit amet nunc viverra dapibus.') ON CONFLICT DO NOTHING;
insert into public.application (id, created_on, updated_on, user_id, status, text) values (46, '2023-12-27 23:27:07.000000', '2023-12-27 23:27:07.000000', 1, 'DRAFT', 'In hac habitasse platea dictumst.') ON CONFLICT DO NOTHING;
insert into public.application (id, created_on, updated_on, user_id, status, text) values (47, '2023-05-20 03:53:00.000000', '2023-05-20 03:53:00.000000', 5, 'SENT', 'Donec dapibus.') ON CONFLICT DO NOTHING;
insert into public.application (id, created_on, updated_on, user_id, status, text) values (48, '2023-11-10 12:07:49.000000', '2023-11-10 12:07:49.000000', 7, 'REJECTED', 'Integer ac leo. Pellentesque ultrices mattis odio.') ON CONFLICT DO NOTHING;
insert into public.application (id, created_on, updated_on, user_id, status, text) values (49, '2023-02-08 00:12:07.000000', '2023-02-08 00:12:07.000000', 5, 'DRAFT', 'Donec posuere metus vitae ipsum. Aliquam non mauris.') ON CONFLICT DO NOTHING;
insert into public.application (id, created_on, updated_on, user_id, status, text) values (50, '2023-07-27 09:44:50.000000', '2023-07-27 09:44:50.000000', 7, 'ACCEPTED', 'In sagittis dui vel nisl.') ON CONFLICT DO NOTHING;
insert into public.application (id, created_on, updated_on, user_id, status, text) values (51, '2023-01-28 11:50:54.000000', '2023-01-28 11:50:54.000000', 7, 'SENT', 'Praesent id massa id nisl venenatis lacinia. Aenean sit amet justo.') ON CONFLICT DO NOTHING;
insert into public.application (id, created_on, updated_on, user_id, status, text) values (52, '2023-07-15 18:04:05.000000', '2023-07-15 18:04:05.000000', 5, 'REJECTED', 'In hac habitasse platea dictumst.') ON CONFLICT DO NOTHING;
insert into public.application (id, created_on, updated_on, user_id, status, text) values (53, '2024-01-08 15:45:26.000000', '2024-01-08 15:45:26.000000', 1, 'ACCEPTED', 'In quis justo.') ON CONFLICT DO NOTHING;
insert into public.application (id, created_on, updated_on, user_id, status, text) values (54, '2023-10-10 04:29:16.000000', '2023-10-10 04:29:16.000000', 7, 'ACCEPTED', 'Integer ac leo. Pellentesque ultrices mattis odio.') ON CONFLICT DO NOTHING;
insert into public.application (id, created_on, updated_on, user_id, status, text) values (55, '2024-02-02 17:20:37.000000', '2024-02-02 17:20:37.000000', 5, 'ACCEPTED', 'Ut at dolor quis odio consequat varius.') ON CONFLICT DO NOTHING;
insert into public.application (id, created_on, updated_on, user_id, status, text) values (56, '2023-11-23 02:29:09.000000', '2023-11-23 02:29:09.000000', 7, 'DRAFT', 'Fusce posuere felis sed lacus. Morbi sem mauris, laoreet ut, rhoncus aliquet, pulvinar sed, nisl.') ON CONFLICT DO NOTHING;
insert into public.application (id, created_on, updated_on, user_id, status, text) values (57, '2023-02-08 23:11:49.000000', '2023-02-08 23:11:49.000000', 1, 'DRAFT', 'Vestibulum sed magna at nunc commodo placerat.') ON CONFLICT DO NOTHING;
insert into public.application (id, created_on, updated_on, user_id, status, text) values (58, '2023-05-16 01:47:46.000000', '2023-05-16 01:47:46.000000', 7, 'ACCEPTED', 'Nam nulla. Integer pede justo, lacinia eget, tincidunt eget, tempus vel, pede.') ON CONFLICT DO NOTHING;
insert into public.application (id, created_on, updated_on, user_id, status, text) values (59, '2023-12-22 18:03:30.000000', '2023-12-22 18:03:30.000000', 4, 'ACCEPTED', 'Etiam vel augue.') ON CONFLICT DO NOTHING;
insert into public.application (id, created_on, updated_on, user_id, status, text) values (60, '2023-01-19 19:07:29.000000', '2023-01-19 19:07:29.000000', 1, 'REJECTED', 'Duis aliquam convallis nunc.') ON CONFLICT DO NOTHING;
insert into public.application (id, created_on, updated_on, user_id, status, text) values (61, '2024-01-23 12:36:36.000000', '2024-01-23 12:36:36.000000', 4, 'SENT', 'Curabitur at ipsum ac tellus semper interdum.') ON CONFLICT DO NOTHING;
insert into public.application (id, created_on, updated_on, user_id, status, text) values (62, '2023-11-03 15:41:02.000000', '2023-11-03 15:41:02.000000', 4, 'REJECTED', 'In sagittis dui vel nisl.') ON CONFLICT DO NOTHING;
insert into public.application (id, created_on, updated_on, user_id, status, text) values (63, '2023-05-26 20:11:38.000000', '2023-05-26 20:11:38.000000', 5, 'DRAFT', 'Sed sagittis.') ON CONFLICT DO NOTHING;
insert into public.application (id, created_on, updated_on, user_id, status, text) values (64, '2023-01-19 19:53:04.000000', '2023-01-19 19:53:04.000000', 5, 'REJECTED', 'Quisque erat eros, viverra eget, congue eget, semper rutrum, nulla.') ON CONFLICT DO NOTHING;
insert into public.application (id, created_on, updated_on, user_id, status, text) values (65, '2024-01-20 15:28:23.000000', '2024-01-20 15:28:23.000000', 4, 'ACCEPTED', 'Praesent lectus. Vestibulum quam sapien, varius ut, blandit non, interdum in, ante.') ON CONFLICT DO NOTHING;
insert into public.application (id, created_on, updated_on, user_id, status, text) values (66, '2023-03-19 21:16:37.000000', '2023-03-19 21:16:37.000000', 1, 'SENT', 'Sed ante. Vivamus tortor.') ON CONFLICT DO NOTHING;
insert into public.application (id, created_on, updated_on, user_id, status, text) values (67, '2023-01-17 16:33:35.000000', '2023-01-17 16:33:35.000000', 7, 'REJECTED', 'Pellentesque eget nunc.') ON CONFLICT DO NOTHING;
insert into public.application (id, created_on, updated_on, user_id, status, text) values (68, '2023-02-03 08:01:28.000000', '2023-02-03 08:01:28.000000', 4, 'SENT', 'Cras pellentesque volutpat dui. Maecenas tristique, est et tempus semper, est quam pharetra magna, ac consequat metus sapien ut nunc.') ON CONFLICT DO NOTHING;
insert into public.application (id, created_on, updated_on, user_id, status, text) values (69, '2023-01-11 09:29:46.000000', '2023-01-11 09:29:46.000000', 5, 'SENT', 'Morbi non lectus. Aliquam sit amet diam in magna bibendum imperdiet.') ON CONFLICT DO NOTHING;
insert into public.application (id, created_on, updated_on, user_id, status, text) values (70, '2023-04-03 18:13:20.000000', '2023-04-03 18:13:20.000000', 4, 'REJECTED', 'Duis consequat dui nec nisi volutpat eleifend.') ON CONFLICT DO NOTHING;
insert into public.application (id, created_on, updated_on, user_id, status, text) values (71, '2023-11-22 00:39:34.000000', '2023-11-22 00:39:34.000000', 1, 'REJECTED', 'Nulla justo.') ON CONFLICT DO NOTHING;
insert into public.application (id, created_on, updated_on, user_id, status, text) values (72, '2024-02-11 22:26:07.000000', '2024-02-11 22:26:07.000000', 5, 'SENT', 'Vestibulum sed magna at nunc commodo placerat. Praesent blandit.') ON CONFLICT DO NOTHING;
insert into public.application (id, created_on, updated_on, user_id, status, text) values (73, '2023-04-04 08:25:43.000000', '2023-04-04 08:25:43.000000', 7, 'DRAFT', 'Sed sagittis.') ON CONFLICT DO NOTHING;
insert into public.application (id, created_on, updated_on, user_id, status, text) values (74, '2023-10-10 11:47:21.000000', '2023-10-10 11:47:21.000000', 7, 'ACCEPTED', 'Nam congue, risus semper porta volutpat, quam pede lobortis ligula, sit amet eleifend pede libero quis orci.') ON CONFLICT DO NOTHING;
insert into public.application (id, created_on, updated_on, user_id, status, text) values (75, '2023-02-27 12:00:55.000000', '2023-02-27 12:00:55.000000', 5, 'SENT', 'Pellentesque at nulla.') ON CONFLICT DO NOTHING;
insert into public.application (id, created_on, updated_on, user_id, status, text) values (76, '2023-10-29 12:47:10.000000', '2023-10-29 12:47:10.000000', 7, 'DRAFT', 'Duis bibendum, felis sed interdum venenatis, turpis enim blandit mi, in porttitor pede justo eu massa. Donec dapibus.') ON CONFLICT DO NOTHING;
insert into public.application (id, created_on, updated_on, user_id, status, text) values (77, '2023-01-02 03:30:01.000000', '2023-01-02 03:30:01.000000', 7, 'SENT', 'Pellentesque eget nunc.') ON CONFLICT DO NOTHING;
insert into public.application (id, created_on, updated_on, user_id, status, text) values (78, '2023-05-13 22:13:19.000000', '2023-05-13 22:13:19.000000', 5, 'ACCEPTED', 'Donec posuere metus vitae ipsum. Aliquam non mauris.') ON CONFLICT DO NOTHING;
insert into public.application (id, created_on, updated_on, user_id, status, text) values (79, '2023-09-01 11:26:18.000000', '2023-09-01 11:26:18.000000', 4, 'REJECTED', 'Cras mi pede, malesuada in, imperdiet et, commodo vulputate, justo. In blandit ultrices enim.') ON CONFLICT DO NOTHING;
insert into public.application (id, created_on, updated_on, user_id, status, text) values (80, '2023-01-17 02:13:17.000000', '2023-01-17 02:13:17.000000', 5, 'REJECTED', 'Nulla nisl.') ON CONFLICT DO NOTHING;
insert into public.application (id, created_on, updated_on, user_id, status, text) values (81, '2023-11-15 04:11:13.000000', '2023-11-15 04:11:13.000000', 5, 'REJECTED', 'Maecenas tincidunt lacus at velit.') ON CONFLICT DO NOTHING;
insert into public.application (id, created_on, updated_on, user_id, status, text) values (82, '2023-04-27 22:18:33.000000', '2023-04-27 22:18:33.000000', 1, 'REJECTED', 'Vivamus vel nulla eget eros elementum pellentesque. Quisque porta volutpat erat.') ON CONFLICT DO NOTHING;
insert into public.application (id, created_on, updated_on, user_id, status, text) values (83, '2023-01-20 21:16:37.000000', '2023-01-20 21:16:37.000000', 4, 'DRAFT', 'Nullam orci pede, venenatis non, sodales sed, tincidunt eu, felis. Fusce posuere felis sed lacus.') ON CONFLICT DO NOTHING;
insert into public.application (id, created_on, updated_on, user_id, status, text) values (84, '2023-12-24 23:05:05.000000', '2023-12-24 23:05:05.000000', 4, 'SENT', 'In hac habitasse platea dictumst. Morbi vestibulum, velit id pretium iaculis, diam erat fermentum justo, nec condimentum neque sapien placerat ante.') ON CONFLICT DO NOTHING;
insert into public.application (id, created_on, updated_on, user_id, status, text) values (85, '2024-02-19 10:11:01.000000', '2024-02-19 10:11:01.000000', 5, 'REJECTED', 'Integer non velit.') ON CONFLICT DO NOTHING;
insert into public.application (id, created_on, updated_on, user_id, status, text) values (86, '2023-10-07 04:06:00.000000', '2023-10-07 04:06:00.000000', 4, 'REJECTED', 'In hac habitasse platea dictumst.') ON CONFLICT DO NOTHING;
insert into public.application (id, created_on, updated_on, user_id, status, text) values (87, '2023-10-20 16:17:12.000000', '2023-10-20 16:17:12.000000', 5, 'DRAFT', 'Fusce posuere felis sed lacus.') ON CONFLICT DO NOTHING;
insert into public.application (id, created_on, updated_on, user_id, status, text) values (88, '2023-03-15 08:29:45.000000', '2023-03-15 08:29:45.000000', 4, 'REJECTED', 'Curabitur in libero ut massa volutpat convallis. Morbi odio odio, elementum eu, interdum eu, tincidunt in, leo.') ON CONFLICT DO NOTHING;
insert into public.application (id, created_on, updated_on, user_id, status, text) values (89, '2023-03-10 01:45:49.000000', '2023-03-10 01:45:49.000000', 1, 'ACCEPTED', 'Nunc nisl. Duis bibendum, felis sed interdum venenatis, turpis enim blandit mi, in porttitor pede justo eu massa.') ON CONFLICT DO NOTHING;
insert into public.application (id, created_on, updated_on, user_id, status, text) values (90, '2023-08-27 22:37:19.000000', '2023-08-27 22:37:19.000000', 1, 'SENT', 'Nulla tempus. Vivamus in felis eu sapien cursus vestibulum.') ON CONFLICT DO NOTHING;
insert into public.application (id, created_on, updated_on, user_id, status, text) values (91, '2023-11-20 20:10:33.000000', '2023-11-20 20:10:33.000000', 4, 'DRAFT', 'Morbi non lectus.') ON CONFLICT DO NOTHING;
insert into public.application (id, created_on, updated_on, user_id, status, text) values (92, '2023-04-01 01:39:24.000000', '2023-04-01 01:39:24.000000', 7, 'SENT', 'Donec posuere metus vitae ipsum.') ON CONFLICT DO NOTHING;
insert into public.application (id, created_on, updated_on, user_id, status, text) values (93, '2024-03-03 06:18:58.000000', '2024-03-03 06:18:58.000000', 7, 'ACCEPTED', 'Maecenas pulvinar lobortis est. Phasellus sit amet erat.') ON CONFLICT DO NOTHING;
insert into public.application (id, created_on, updated_on, user_id, status, text) values (94, '2024-02-05 14:55:39.000000', '2024-02-05 14:55:39.000000', 4, 'SENT', 'In hac habitasse platea dictumst.') ON CONFLICT DO NOTHING;
insert into public.application (id, created_on, updated_on, user_id, status, text) values (95, '2023-05-30 22:59:41.000000', '2023-05-30 22:59:41.000000', 5, 'REJECTED', 'Lorem ipsum dolor sit amet, consectetuer adipiscing elit.') ON CONFLICT DO NOTHING;
insert into public.application (id, created_on, updated_on, user_id, status, text) values (96, '2023-01-20 08:01:45.000000', '2023-01-20 08:01:45.000000', 4, 'REJECTED', 'Sed ante. Vivamus tortor.') ON CONFLICT DO NOTHING;
insert into public.application (id, created_on, updated_on, user_id, status, text) values (97, '2024-02-10 14:11:21.000000', '2024-02-10 14:11:21.000000', 5, 'REJECTED', 'In hac habitasse platea dictumst.') ON CONFLICT DO NOTHING;
insert into public.application (id, created_on, updated_on, user_id, status, text) values (98, '2023-07-04 13:07:00.000000', '2023-07-04 13:07:00.000000', 7, 'ACCEPTED', 'Nunc rhoncus dui vel sem. Sed sagittis.') ON CONFLICT DO NOTHING;
insert into public.application (id, created_on, updated_on, user_id, status, text) values (99, '2024-01-23 22:35:51.000000', '2024-01-23 22:35:51.000000', 7, 'REJECTED', 'Duis ac nibh. Fusce lacus purus, aliquet at, feugiat non, pretium quis, lectus.') ON CONFLICT DO NOTHING;
insert into public.application (id, created_on, updated_on, user_id, status, text) values (100, '2023-02-08 13:56:45.000000', '2023-02-08 13:56:45.000000', 7, 'SENT', 'In blandit ultrices enim.') ON CONFLICT DO NOTHING;
